{"nodes":{"node:1":{"location":{"x":0,"y":0}},"node:3":{"location":{"x":4,"y":122}}},"selection":null,"view":{"scroll":{"x":-722.86767578125,"y":-179.993972778320312},"visible_rect":{"max":{"x":1047.03515625,"y":676.960693359375},"min":{"x":-632.23406982421875,"y":-157.42620849609375}},"zoom":1.14335453510284424}}