{"nodes":{"node:1":{"location":{"x":0,"y":0}},"node:11":{"location":{"x":196,"y":250}},"node:3":{"location":{"x":-31,"y":114}},"node:6":{"location":{"x":-199,"y":243}},"node:9":{"location":{"x":4,"y":250}}},"selection":null,"view":{"scroll":{"x":-438.5367431640625,"y":-147.41571044921875},"visible_rect":{"max":{"x":1121.951171875,"y":639.44580078125},"min":{"x":-584.7156982421875,"y":-196.554306030273438}},"zoom":0.749999940395355225}}