{"nodes":{"node:1":{"location":{"x":0,"y":0}},"node:5":{"location":{"x":100,"y":186}},"node:7":{"location":{"x":-24,"y":78}}},"selection":null,"view":{"scroll":{"x":-452.76318359375,"y":-136.439376831054688},"visible_rect":{"max":{"x":864.78265380859375,"y":552.5504150390625},"min":{"x":-473.312774658203125,"y":-142.6319580078125}},"zoom":0.956583499908447266}}