{"nodes":{"node:1":{"location":{"x":0,"y":0}},"node:11":{"location":{"x":196,"y":250}},"node:3":{"location":{"x":-31,"y":114}},"node:6":{"location":{"x":-199,"y":243}},"node:9":{"location":{"x":4,"y":250}}},"selection":null,"view":{"scroll":{"x":-343.481658935546875,"y":-68.6588821411132812},"visible_rect":{"max":{"x":832.6448974609375,"y":496.41302490234375},"min":{"x":-305.38458251953125,"y":-61.0436172485351562}},"zoom":1.12475121021270752}}