{"nodes":{"node:1":{"location":{"x":0,"y":0}},"node:12":{"location":{"x":180,"y":282}},"node:3":{"location":{"x":4,"y":90}},"node:6":{"location":{"x":-92,"y":234}},"node:9":{"location":{"x":187,"y":184}}},"selection":null,"view":{"scroll":{"x":-492.017333984375,"y":-91.0773162841796875},"visible_rect":{"max":{"x":787.982666015625,"y":535.92266845703125},"min":{"x":-492.017333984375,"y":-91.0773162841796875}},"zoom":1}}