{"nodes":{"node:1":{"location":{"x":0,"y":0}},"node:3":{"location":{"x":115,"y":175}},"node:6":{"location":{"x":238,"y":277}},"node:8":{"location":{"x":-85,"y":292}}},"selection":null,"view":{"scroll":{"x":-555.39263916015625,"y":-265.11517333984375},"visible_rect":{"max":{"x":966.14324951171875,"y":482.513153076171875},"min":{"x":-740.52362060546875,"y":-353.4869384765625}},"zoom":0.749999880790710449}}