{"nodes":{"node:1":{"location":{"x":0,"y":0}},"node:3":{"location":{"x":1148,"y":566}},"node:6":{"location":{"x":1388,"y":614}}},"selection":null,"view":{"scroll":{"x":1181.406005859375,"y":630.9234619140625},"visible_rect":{"max":{"x":1640.9375,"y":863.9490966796875},"min":{"x":787.6041259765625,"y":420.615692138671875}},"zoom":1.4999997615814209}}