{"nodes":{"node:1":{"location":{"x":0,"y":0}}},"selection":null,"view":{"scroll":{"x":-439.948577880859375,"y":-117.064964294433594},"visible_rect":{"max":{"x":733.1353759765625,"y":474.012542724609375},"min":{"x":-217.926116943359375,"y":-57.98748779296875}},"zoom":2.01879692077636719}}