{"nodes":{"node:1":{"location":{"x":0,"y":0}},"node:3":{"location":{"x":81,"y":120}},"node:6":{"location":{"x":34,"y":274}}},"selection":["node:6"],"view":{"scroll":{"x":-343.481658935546875,"y":-68.6588897705078125},"visible_rect":{"max":{"x":832.644775390625,"y":496.4129638671875},"min":{"x":-305.384521484375,"y":-61.0436172485351562}},"zoom":1.12475132942199707}}