{"nodes":{"node:1":{"location":{"x":0,"y":0}},"node:3":{"location":{"x":-23,"y":96}},"node:7":{"location":{"x":-199,"y":216}},"node:9":{"location":{"x":208,"y":214}}},"selection":null,"view":{"scroll":{"x":-725.0235595703125,"y":-230.949951171875},"visible_rect":{"max":{"x":995.4129638671875,"y":602.29925537109375},"min":{"x":-603.94317626953125,"y":-192.380844116210938}},"zoom":1.20048308372497559}}