{"nodes":{"node:1":{"location":{"x":0,"y":0}},"node:3":{"location":{"x":-12,"y":90}},"node:7":{"location":{"x":-174,"y":226}},"node:9":{"location":{"x":229,"y":236}}},"selection":null,"view":{"scroll":{"x":-723.826416015625,"y":-49.6397666931152344},"visible_rect":{"max":{"x":1000.5731201171875,"y":756.47760009765625},"min":{"x":-605.46502685546875,"y":-41.5225830078125}},"zoom":1.19548845291137695}}