{"nodes":{"node:1":{"location":{"x":0,"y":0}},"node:11":{"location":{"x":164,"y":186}},"node:15":{"location":{"x":-219,"y":207}},"node:19":{"location":{"x":-290,"y":315}},"node:22":{"location":{"x":-53,"y":312}},"node:25":{"location":{"x":281,"y":268}},"node:3":{"location":{"x":-396,"y":90}},"node:7":{"location":{"x":-12,"y":90}}},"selection":null,"view":{"scroll":{"x":-1092.6795654296875,"y":-133.076019287109375},"visible_rect":{"max":{"x":630.48687744140625,"y":625.61224365234375},"min":{"x":-832.71258544921875,"y":-101.41497802734375}},"zoom":1.31219291687011719}}