{"nodes":{"node:1":{"location":{"x":0,"y":0}},"node:11":{"location":{"x":36,"y":298}},"node:14":{"location":{"x":244,"y":293}},"node:18":{"location":{"x":228,"y":378}},"node:21":{"location":{"x":-332,"y":186}},"node:25":{"location":{"x":-524,"y":277}},"node:29":{"location":{"x":-556,"y":378}},"node:3":{"location":{"x":-28,"y":101}},"node:32":{"location":{"x":-332,"y":282}},"node:35":{"location":{"x":-140,"y":282}},"node:39":{"location":{"x":-44,"y":378}},"node:42":{"location":{"x":-236,"y":378}},"node:46":{"location":{"x":-236,"y":474}},"node:7":{"location":{"x":177,"y":193}}},"selection":null,"view":{"scroll":{"x":-560.018310546875,"y":-39.3499908447265625},"visible_rect":{"max":{"x":791.105224609375,"y":650.09625244140625},"min":{"x":-615.33978271484375,"y":-43.2371864318847656}},"zoom":0.910096049308776855}}