{"nodes":{"node:1":{"location":{"x":0,"y":0}},"node:11":{"location":{"x":223,"y":306}},"node:3":{"location":{"x":57,"y":110}},"node:5":{"location":{"x":39,"y":135}},"node:6":{"location":{"x":-97,"y":264}},"node:8":{"location":{"x":196,"y":186}}},"selection":null,"view":{"scroll":{"x":-359.606353759765625,"y":-46.7805404663085938},"visible_rect":{"max":{"x":736.31500244140625,"y":464.175628662109375},"min":{"x":-287.68511962890625,"y":-37.4244346618652344}},"zoom":1.24999988079071045}}