{"nodes":{"node:1":{"location":{"x":0,"y":0}}},"selection":null,"view":{"scroll":{"x":-461.75909423828125,"y":-76.2935333251953125},"visible_rect":{"max":{"x":409.120452880859375,"y":294.353240966796875},"min":{"x":-230.879547119140625,"y":-38.1467666625976562}},"zoom":2}}