{"nodes":{"node:1":{"location":{"x":0,"y":0}},"node:3":{"location":{"x":-28,"y":133}},"node:7":{"location":{"x":-108,"y":270}},"node:9":{"location":{"x":201,"y":305}}},"selection":["node:7"],"view":{"scroll":{"x":-419.18902587890625,"y":-69.2247695922851562},"visible_rect":{"max":{"x":752.88177490234375,"y":521.076416015625},"min":{"x":-366.630767822265625,"y":-60.5453109741210938}},"zoom":1.14335477352142334}}