{"nodes":{"node:1":{"location":{"x":0,"y":0}},"node:3":{"location":{"x":-33,"y":195}},"node:5":{"location":{"x":180,"y":74}}},"selection":["node:3"],"view":{"scroll":{"x":-377.04217529296875,"y":20.5922203063964844},"visible_rect":{"max":{"x":601.97198486328125,"y":434.394866943359375},"min":{"x":-251.361480712890625,"y":13.7281484603881836}},"zoom":1.4999997615814209}}