{"nodes":{"node:1":{"location":{"x":0,"y":0}}},"selection":null,"view":{"scroll":{"x":-391.04217529296875,"y":17.5922203063964844},"visible_rect":{"max":{"x":592.63861083984375,"y":432.394866943359375},"min":{"x":-260.69482421875,"y":11.7281484603881836}},"zoom":1.4999997615814209}}