{"nodes":{"node:1":{"location":{"x":0,"y":0}},"node:10":{"location":{"x":148,"y":186}},"node:15":{"location":{"x":-362,"y":297}},"node:17":{"location":{"x":-87,"y":295}},"node:21":{"location":{"x":228,"y":272}},"node:3":{"location":{"x":20,"y":85}},"node:7":{"location":{"x":-177,"y":175}}},"selection":["node:15"],"view":{"scroll":{"x":-519.5771484375,"y":-48.4353790283203125},"visible_rect":{"max":{"x":760.4228515625,"y":582.56463623046875},"min":{"x":-519.5771484375,"y":-48.4353790283203125}},"zoom":1}}