{"nodes":{"node:1":{"location":{"x":0,"y":0}}},"selection":null,"view":{"scroll":{"x":-607.99200439453125,"y":-109.119827270507812},"visible_rect":{"max":{"x":649.89599609375,"y":477.9481201171875},"min":{"x":-301.165496826171875,"y":-54.0519065856933594}},"zoom":2.01879692077636719}}