{"nodes":{"node:1":{"location":{"x":-204,"y":-102}},"node:4":{"location":{"x":-364,"y":33}},"node:7":{"location":{"x":-28,"y":42}}},"selection":null,"view":{"scroll":{"x":-567.3896484375,"y":-238.792938232421875},"visible_rect":{"max":{"x":798.08831787109375,"y":565.765625},"min":{"x":-453.911712646484375,"y":-191.034347534179688}},"zoom":1.25}}