{"nodes":{"node:1":{"location":{"x":0,"y":0}},"node:3":{"location":{"x":-28,"y":106}},"node:7":{"location":{"x":-234,"y":244}},"node:9":{"location":{"x":109,"y":243}}},"selection":null,"view":{"scroll":{"x":-519.5771484375,"y":-48.4353790283203125},"visible_rect":{"max":{"x":760.4228515625,"y":582.56463623046875},"min":{"x":-519.5771484375,"y":-48.4353790283203125}},"zoom":1}}