{"nodes":{"node:1":{"location":{"x":0,"y":0}}},"selection":null,"view":{"scroll":{"x":-8.29884624481201172,"y":-0.947373330593109131},"visible_rect":{"max":{"x":2490.771240234375,"y":783.76190185546875},"min":{"x":-2130.728759765625,"y":-243.23809814453125}},"zoom":0.00389483943581581116}}