{"nodes":{"node:1":{"location":{"x":0,"y":0}},"node:10":{"location":{"x":-172,"y":170}},"node:14":{"location":{"x":-1036,"y":273}},"node:18":{"location":{"x":-796,"y":282}},"node:21":{"location":{"x":-568,"y":263}},"node:25":{"location":{"x":-1014,"y":344}},"node:28":{"location":{"x":-252,"y":346}},"node:3":{"location":{"x":148,"y":346}},"node:31":{"location":{"x":-508,"y":353}},"node:35":{"location":{"x":-668,"y":474}},"node:38":{"location":{"x":-408,"y":454}},"node:42":{"location":{"x":145,"y":228}},"node:5":{"location":{"x":-12,"y":97}}},"selection":null,"view":{"scroll":{"x":-1173.0906982421875,"y":-122.64715576171875},"visible_rect":{"max":{"x":680.206787109375,"y":757.10906982421875},"min":{"x":-1068.328125,"y":-111.694183349609375}},"zoom":1.09806215763092041}}