{"nodes":{"node:1":{"location":{"x":0,"y":0}},"node:3":{"location":{"x":-248,"y":172}},"node:6":{"location":{"x":176,"y":196}}},"selection":null,"view":{"scroll":{"x":-485.720947265625,"y":-147.585037231445312},"visible_rect":{"max":{"x":635.42327880859375,"y":413.931976318359375},"min":{"x":-388.576751708984375,"y":-118.068031311035156}},"zoom":1.25}}