{"nodes":{"node:1":{"location":{"x":0,"y":0}},"node:3":{"location":{"x":-9,"y":100}},"node:7":{"location":{"x":-141,"y":282}}},"selection":null,"view":{"scroll":{"x":-713.49908447265625,"y":-179.933090209960938},"visible_rect":{"max":{"x":840.84088134765625,"y":539.4666748046875},"min":{"x":-497.255462646484375,"y":-125.399894714355469}},"zoom":1.43487429618835449}}