{"nodes":null,"selection":null,"view":{"scroll":{"x":-457.152587890625,"y":6.2454524040222168},"visible_rect":{"max":{"x":658.27801513671875,"y":536.99639892578125},"min":{"x":-365.72210693359375,"y":4.99636220932006836}},"zoom":1.24999988079071045}}