{"nodes":{"node:1":{"location":{"x":0,"y":0}},"node:13":{"location":{"x":218,"y":186}},"node:3":{"location":{"x":-12,"y":74}},"node:7":{"location":{"x":-116,"y":193}}},"selection":["node:13"],"view":{"scroll":{"x":-350.379638671875,"y":-23.3567638397216797},"visible_rect":{"max":{"x":743.69635009765625,"y":482.914642333984375},"min":{"x":-280.303741455078125,"y":-18.6854133605957031}},"zoom":1.24999988079071045}}