{"nodes":{"node:1":{"location":{"x":0,"y":0}},"node:3":{"location":{"x":-92,"y":84}},"node:6":{"location":{"x":-194,"y":189}}},"selection":null,"view":{"scroll":{"x":-345.671142578125,"y":-50.7543411254882812},"visible_rect":{"max":{"x":934.328857421875,"y":576.24566650390625},"min":{"x":-345.671142578125,"y":-50.7543411254882812}},"zoom":1}}