{"nodes":{"node:1":{"location":{"x":0,"y":0}}},"selection":null,"view":{"scroll":{"x":-555.39263916015625,"y":-265.11517333984375},"visible_rect":{"max":{"x":966.14324951171875,"y":482.513153076171875},"min":{"x":-740.52362060546875,"y":-353.4869384765625}},"zoom":0.749999880790710449}}