{"nodes":{"node:1":{"location":{"x":0,"y":0}},"node:12":{"location":{"x":225,"y":323}},"node:16":{"location":{"x":36,"y":154}},"node:7":{"location":{"x":-172,"y":298}}},"selection":null,"view":{"scroll":{"x":-638.947265625,"y":-140.817230224609375},"visible_rect":{"max":{"x":781.01483154296875,"y":495.77020263671875},"min":{"x":-389.544677734375,"y":-85.851531982421875}},"zoom":1.64024126529693604}}