{"nodes":{"node:1":{"location":{"x":0,"y":0}},"node:3":{"location":{"x":27,"y":208}}},"selection":null,"view":{"scroll":{"x":-383.04217529296875,"y":17.5922203063964844},"visible_rect":{"max":{"x":597.97198486328125,"y":432.394866943359375},"min":{"x":-255.361480712890625,"y":11.7281484603881836}},"zoom":1.4999997615814209}}