{"nodes":{"node:1":{"location":{"x":0,"y":0}},"node:10":{"location":{"x":206,"y":198}},"node:15":{"location":{"x":-340,"y":304}},"node:19":{"location":{"x":-444,"y":410}},"node:22":{"location":{"x":-220,"y":421}},"node:26":{"location":{"x":-219,"y":527}},"node:29":{"location":{"x":-14,"y":310}},"node:3":{"location":{"x":4,"y":90}},"node:32":{"location":{"x":250,"y":287}},"node:7":{"location":{"x":-204,"y":202}}},"selection":null,"view":{"scroll":{"x":-429.90643310546875,"y":-35.689697265625},"visible_rect":{"max":{"x":850.09356689453125,"y":595.310302734375},"min":{"x":-429.90643310546875,"y":-35.689697265625}},"zoom":1}}