{"nodes":{"node:1":{"location":{"x":0,"y":0}}},"selection":null,"view":{"scroll":{"x":-250.923553466796875,"y":-168.747177124023438},"visible_rect":{"max":{"x":249.025497436523438,"y":142.08428955078125},"min":{"x":-83.6411972045898438,"y":-56.2490653991699219}},"zoom":2.9999997615814209}}