{"nodes":{"node:1":{"location":{"x":0,"y":0}}},"selection":null,"view":{"scroll":{"x":-333,"y":-9.25},"visible_rect":{"max":{"x":757.60003662109375,"y":494.20001220703125},"min":{"x":-266.399993896484375,"y":-7.40000009536743164}},"zoom":1.25}}