{"nodes":{"node:1":{"location":{"x":0,"y":0}},"node:11":{"location":{"x":180,"y":218}},"node:15":{"location":{"x":-524,"y":346}},"node:18":{"location":{"x":-300,"y":346}},"node:22":{"location":{"x":-92,"y":330}},"node:25":{"location":{"x":-412,"y":458}},"node:28":{"location":{"x":-188,"y":458}},"node:3":{"location":{"x":20,"y":101}},"node:31":{"location":{"x":180,"y":346}},"node:34":{"location":{"x":450,"y":336}},"node:7":{"location":{"x":-152,"y":220}}},"selection":null,"view":{"scroll":{"x":-712.0550537109375,"y":-166.451217651367188},"visible_rect":{"max":{"x":1010.41937255859375,"y":658.7672119140625},"min":{"x":-595.618408203125,"y":-139.2327880859375}},"zoom":1.19548869132995605}}