{"nodes":{"node:1":{"location":{"x":0,"y":0}}},"selection":null,"view":{"scroll":{"x":-419.18902587890625,"y":-69.2248001098632812},"visible_rect":{"max":{"x":752.88177490234375,"y":521.076416015625},"min":{"x":-366.630767822265625,"y":-60.5453376770019531}},"zoom":1.14335477352142334}}