{"nodes":{"node:1":{"location":{"x":0,"y":0}},"node:3":{"location":{"x":-132,"y":212}}},"selection":["node:3"],"view":{"scroll":{"x":-420.61151123046875,"y":53.8746147155761719},"visible_rect":{"max":{"x":687.5108642578125,"y":575.0997314453125},"min":{"x":-336.489227294921875,"y":43.0996971130371094}},"zoom":1.24999988079071045}}