{"nodes":{"node:1":{"location":{"x":0,"y":0}},"node:11":{"location":{"x":196,"y":250}},"node:3":{"location":{"x":-31,"y":114}},"node:6":{"location":{"x":-199,"y":243}},"node:9":{"location":{"x":4,"y":250}}},"selection":null,"view":{"scroll":{"x":-345.671142578125,"y":-50.7543411254882812},"visible_rect":{"max":{"x":934.328857421875,"y":576.24566650390625},"min":{"x":-345.671142578125,"y":-50.7543411254882812}},"zoom":1}}