{"nodes":{"node:1":{"location":{"x":0,"y":0}},"node:10":{"location":{"x":244,"y":245}},"node:15":{"location":{"x":-204,"y":378}},"node:18":{"location":{"x":308,"y":362}},"node:3":{"location":{"x":-12,"y":117}},"node:7":{"location":{"x":-190,"y":250}}},"selection":null,"view":{"scroll":{"x":-861.19342041015625,"y":-91.5503463745117188},"visible_rect":{"max":{"x":1058.8067626953125,"y":948.44976806640625},"min":{"x":-861.19354248046875,"y":-91.55035400390625}},"zoom":0.999999940395355225}}