{"nodes":{"node:1":{"location":{"x":0,"y":0}}},"selection":null,"view":{"scroll":{"x":-399.190216064453125,"y":-21.4115734100341797},"visible_rect":{"max":{"x":704.64788818359375,"y":484.470794677734375},"min":{"x":-319.352203369140625,"y":-17.1292610168457031}},"zoom":1.24999988079071045}}