{"nodes":{"node:1":{"location":{"x":0,"y":0}}},"selection":null,"view":{"scroll":{"x":-452.6527099609375,"y":6.64788818359375},"visible_rect":{"max":{"x":661.87786865234375,"y":506.918304443359375},"min":{"x":-362.122161865234375,"y":5.31831073760986328}},"zoom":1.25}}