{"nodes":{"node:1":{"location":{"x":0,"y":0}},"node:11":{"location":{"x":196,"y":250}},"node:3":{"location":{"x":-31,"y":114}},"node:6":{"location":{"x":20,"y":240}},"node:9":{"location":{"x":-220,"y":234}}},"selection":["node:9"],"view":{"scroll":{"x":-420.422332763671875,"y":38.8905029296875},"visible_rect":{"max":{"x":687.662109375,"y":532.71240234375},"min":{"x":-336.337860107421875,"y":31.1124019622802734}},"zoom":1.25}}