{"nodes":{"node:1":{"location":{"x":0,"y":0}},"node:11":{"location":{"x":196,"y":250}},"node:3":{"location":{"x":-31,"y":114}},"node:6":{"location":{"x":-199,"y":243}},"node:9":{"location":{"x":4,"y":250}}},"selection":["node:11"],"view":{"scroll":{"x":-452.438323974609375,"y":-49.8837738037109375},"visible_rect":{"max":{"x":662.04931640625,"y":461.692962646484375},"min":{"x":-361.950653076171875,"y":-39.9070205688476562}},"zoom":1.25}}