{"nodes":{"node:1":{"location":{"x":0,"y":0}},"node:11":{"location":{"x":196,"y":250}},"node:3":{"location":{"x":-31,"y":114}},"node:6":{"location":{"x":-199,"y":243}},"node:9":{"location":{"x":4,"y":250}}},"selection":null,"view":{"scroll":{"x":-531.35064697265625,"y":-77.7070159912109375},"visible_rect":{"max":{"x":748.64935302734375,"y":549.29296875},"min":{"x":-531.35064697265625,"y":-77.7070159912109375}},"zoom":1}}